Extension;Numéro;Rareté;Nom;Type;Coût;Piliers;Thèmes de synergie;Commandant possible;Mana rapide (tier);Thèmes récompensés (si commandant);Texte
FRA;1;mythic;Emrakul, the Exigent Doom;Legendary Creature — Eldrazi;{10};Rampe, Protection;;oui;;Terrains / landfall;"When you cast this spell, untap all lands you control. / Flying, trample / Ward—Sacrifice three permanents. / {3}, Exile this card from your hand: Target land gains ""{T}: Add {C}{C}"" until this card is cast from exile. You may cast this card for as long as it remains exiled."
FRA;2;common;Academic Ascent;Instant;{1}{W};Pioche;Jetons, Sorts, Planeswalkers / loyauté, Regard / surveillance;;;;"Target creature gets +2/+2 and gains flying until end of turn. / Empower Jace 2. (Put two loyalty counters on a Jace token you control. If you don't control one, first create a blue Jace planeswalker token with ""[-1]: Surveil 1"" and ""[-3]: Draw a card."")"
FRA;3;common;Blossom-Blessed Angel // Seed Suture;Creature — Angel Cleric // Sorcery;{3}{W} // {G/W};;Compteurs +1/+1, Sorts, Gain de vie, Préparation;;;;Flying, vigilance / This creature enters prepared. (While it's prepared, you may cast a copy of its spell. Doing so unprepares it.) / // / Put a +1/+1 counter on target creature. You gain 1 life.
FRA;4;common;Campus Crier;Creature — Human Advisor;{1}{W};Pioche;Jetons, Planeswalkers / loyauté, Regard / surveillance;;;;"{1}, Exile this card from your graveyard: Empower Jace 2. (Put two loyalty counters on a Jace token you control. If you don't control one, first create a blue Jace planeswalker token with ""[-1]: Surveil 1"" and [""-3]: Draw a card."")"
FRA;5;mythic;Enlightened Confidant;Creature — Kor Cleric;{1}{W};Pioche;Cimetière, Gain de vie, Regard / surveillance;;;;Lifelink / At the beginning of your end step, if you gained life this turn, surveil 1. If you put a card with mana value less than or equal to the amount of life you gained this turn into your graveyard this way, put that card into your hand.
FRA;6;common;Fateshaper Aspirant;Creature — Rhino Cleric;{4}{W};Protection;Compteurs +1/+1, Arrivées / clignotement;;;;When this creature enters, choose one — / • Return target legendary card from your graveyard to your hand. / • Put a +1/+1 counter on target creature. It gains vigilance and indestructible until end of turn.
FRA;7;rare;Flickering Hound;Creature — Dog;{3}{W};;Arrivées / clignotement;;;;Whenever you cast a creature spell, exile up to one other target creature you control, then return that card to the battlefield under its owner's control.
FRA;8;uncommon;Generous Revival;Sorcery;{2}{W};;Compteurs +1/+1, Sorts, Cimetière;;;;Return target creature card with mana value 3 or less from your graveyard to the battlefield with an additional +1/+1 counter on it. / Flashback {4}{W} (You may cast this card from your graveyard for its flashback cost. Then exile it.)
FRA;9;rare;Germinate Recruits;Instant;{2}{W};;Jetons, Sorts;;;;Create X 2/2 colorless Wizard Soldier creature tokens named Cadet, where X is the amount of life you gained this turn.
FRA;10;common;Graft Surgeon;Creature — Human Cleric;{2}{W};;Compteurs +1/+1, Sacrifice / mort;;;;This creature enters with a +1/+1 counter on it. / When this creature dies, put its counters on up to one target creature you control.
FRA;11;rare;Guiding Hydra;Creature — Hydra Horror;{X}{W};;Compteurs +1/+1;;;;This creature enters with X +1/+1 counters on it. / At the beginning of combat on your turn, you may remove a +1/+1 counter from this creature. If you do, put a +1/+1 counter on each other creature you control.
FRA;12;common;Hexhaven Battalion;Sorcery;{4}{W}{W};Rampe, Pioche;Jetons, Sorts, Terrains, Planeswalkers / loyauté, Regard / surveillance;;;;"Create three 2/2 colorless Wizard Soldier creature tokens named Cadet. Empower Jace 2. (Put two loyalty counters on a Jace token you control. If you don't control one, first create a blue Jace planeswalker token with ""[-1]: Surveil 1"" and ""[-3]: Draw a card."") / Basic landcycling {2} ({2}, Discard this card: Search your library for a basic land card, reveal it, put it into your hand, then shuffle.)"
FRA;13;rare;Kindred Judgment;Sorcery;{5}{W}{W};Board wipe;Sorts;;;;Choose a creature type. Destroy all creatures that aren't of the chosen type.
FRA;14;rare;Loyal Tutor;Instant;{W};Tutor;Sorts;;;;Search your library for a planeswalker card, reveal it, then shuffle and put that card on top.
FRA;15;common;Memory Trap;Enchantment;{2}{W};Removal;Enchantements, Arrivées / clignotement;;;;When this enchantment enters, exile target nonland permanent an opponent controls until this enchantment leaves the battlefield.
FRA;16;common;Predictive Preparations;Sorcery;{1}{W};;Compteurs +1/+1, Sorts, Cimetière;;;;Put a +1/+1 counter on each of one or two target creatures. / Flashback {3}{W} (You may cast this card from your graveyard for its flashback cost. Then exile it.)
FRA;17;uncommon;Prophesied End;Instant;{1}{W};Removal;Sorts;;;;Destroy target creature. If it wasn't attacking, its controller draws a card.
FRA;18;uncommon;Refute Destiny;Sorcery;{1}{W};Removal, Pioche;Sorts, Cimetière, Regard / surveillance;;;;Exile target creature or planeswalker that's green or blue. Surveil 1. (Look at the top card of your library. You may put it into your graveyard.)
FRA;19;rare;Repurposed Enforcer;Creature — Human Soldier;{1}{W};Pioche;Jetons, Combat, Planeswalkers / loyauté, Regard / surveillance;;;;"Whenever this creature attacks, empower Jace X, where X is the number of creatures you control. (Put that many loyalty counters on a Jace token you control. If you don't control one, first create a blue Jace planeswalker token with ""[-1]: Surveil 1"" and ""[-3]: Draw a card."")"
FRA;20;mythic;Return to the Light Realms;Sorcery;{7}{W}{W};;Sorts, Cimetière;;;;Return all nonland permanent cards from your graveyard to the battlefield.
FRA;21;common;Shatterwing Pegasus;Creature — Pegasus;{2}{W};;;;;;Flying / {4}{W}: Creatures you control get +1/+1 until end of turn.
FRA;22;common;Surgical Precision;Sorcery;{1}{W};Removal, Pioche;Sorts, Gain de vie;;;;Choose one — / • Destroy target creature with toughness 4 or greater. You gain 1 life. / • You draw a card and gain 2 life.
FRA;23;common;Unflinching Hortimancer;Creature — Human Cleric;{1}{W};Protection;Compteurs +1/+1, Gain de vie;;;;Ward {1} (Whenever this creature becomes the target of a spell or ability an opponent controls, counter it unless that player pays {1}.) / Whenever you gain life, put a +1/+1 counter on this creature.
FRA;24;uncommon;Your Fate Ends Here;Instant;{2}{W};Removal, Pioche;Sorts, Cimetière, Regard / surveillance;;;;Destroy target creature or planeswalker with mana value 3 or greater. Surveil 1. (Look at the top card of your library. You may put it into your graveyard.)
FRA;25;uncommon;Countersculpt;Instant;{U}{U};Pioche, Protection;Jetons, Sorts, Planeswalkers / loyauté, Regard / surveillance;;;;"As an additional cost to cast this spell, behold a Jace or pay {1}. (To behold a Jace, choose a Jace you control or reveal a Jace card from your hand.) / Counter target spell. Empower Jace 1. (Put a loyalty counter on a Jace token you control. If you don't control one, first create a blue Jace planeswalker token with ""[-1]: Surveil 1"" and ""[-3]: Draw a card."")"
FRA;26;rare;Cruel Calculations;Sorcery;{2}{U};Pioche;Sorts, Pioche;;;;Draw X cards, where X is the number of cards that were put into target player's graveyard from their library this turn.
FRA;27;common;Cryotheory Adept;Creature — Human Wizard;{1}{U};;Sorts;;;;Prowess (Whenever you cast a noncreature spell, this creature gets +1/+1 until end of turn.) / {3}{U}, Exile this card from your graveyard: Tap target creature and put a stun counter on it. Activate only as a sorcery. (If a permanent with a stun counter would become untapped, remove one from it instead.)
FRA;28;rare;Diviner of Victory // Unwind History;Creature — Dwarf Wizard // Sorcery;{U} // {1}{U};Removal, Pioche;Sorts, Regard / surveillance, Préparation;;;;This creature enters prepared. (While it's prepared, you may cast a copy of its spell. Doing so unprepares it.) / Whenever you scry or surveil, this creature gets +1/+1 until end of turn. / // / Return target creature an opponent controls with mana value 3 or less to its owner's hand. Surveil 1.
FRA;29;common;Divining Duelist;Creature — Merfolk Wizard;{2}{U};Pioche;Arrivées / clignotement, Défausse;;;;Flash / When this creature enters, choose one — / • Tap target creature. / • Untap target creature. / • Draw a card, then discard a card.
FRA;30;common;Icy Reception;Instant;{1}{U};Protection;Sorts;;;;Choose one — / • Counter target creature or legendary spell unless its controller pays {3}. / • Target creature gets -5/-0 until end of turn.
FRA;31;common;Infinite Coursework;Enchantment — Aura;{2}{U};;Enchantements, Arrivées / clignotement, Équipements / Auras;;;;Enchant creature / When this Aura enters, tap enchanted creature. It becomes unprepared. / Enchanted creature loses all abilities and doesn't untap during its controller's untap step.
FRA;32;rare;Jace's Machinations;Instant;{2}{U};Pioche;Jetons, Sorts, Planeswalkers / loyauté, Regard / surveillance;;;;"Until end of turn, you may activate loyalty abilities of Jace planeswalkers you control on any player's turn any time you could cast an instant. / Empower Jace 8. (Put eight loyalty counters on a Jace token you control. If you don't control one, first create a blue Jace planeswalker token with ""[-1]: Surveil 1"" and ""[-3]: Draw a card."")"
FRA;33;common;Mindseeker Oculus;Creature — Homunculus;{2}{U};Pioche;Jetons, Arrivées / clignotement, Planeswalkers / loyauté, Regard / surveillance;;;;"When this creature enters, empower Jace 4. (Put four loyalty counters on a Jace token you control. If you don't control one, first create a blue Jace planeswalker token with ""[-1]: Surveil 1"" and ""[-3]: Draw a card."")"
FRA;34;uncommon;Perfected Theory;Instant;{U};;Sorts;;;;Choose one — / • Target creature has base power and toughness 1/1 until end of turn. / • Target creature has base power and toughness 4/5 until end of turn.
FRA;35;uncommon;Plan for All Outcomes;Enchantment;{3}{U};Removal, Pioche;Jetons, Enchantements, Arrivées / clignotement, Planeswalkers / loyauté, Regard / surveillance;;;;"When this enchantment enters, the owner of up to one other target nonland permanent puts it on their choice of the top or bottom of their library. / Whenever you cast your first noncreature spell each turn, empower Jace 1. (Put a loyalty counter on a Jace token you control. If you don't control one, first create a blue Jace planeswalker token with ""[-1]: Surveil 1"" and ""[-3]: Draw a card."")"
FRA;36;uncommon;Precise Redaction;Instant;{1}{U};Protection;Sorts;;;;Counter target white or black spell.
FRA;37;common;Protege's Awakening;Sorcery;{3}{U};Pioche;Jetons, Sorts, Planeswalkers / loyauté, Regard / surveillance;;;;"Empower Jace 6. (Put six loyalty counters on a Jace token you control. If you don't control one, first create a blue Jace planeswalker token with ""[-1]: Surveil 1"" and ""[-3]: Draw a card."") / Draw a card."
FRA;38;mythic;Seasoned Cryomancer;Creature — Human Wizard;{1}{U}{U};Pioche;Arrivées / clignotement, Pioche, Défausse;;;;When this creature enters, draw two cards, then discard two cards. When you discard one or more nonland cards this way, tap up to that many target creatures and put a stun counter on each of them. / {3}{U}{U}, Exile this card from your graveyard: Draw two cards.
FRA;39;common;Semester Foreseer // Peer Review;Creature — Human Wizard // Sorcery;{3}{U} // {2}{W/U};Pioche;Jetons, Sorts, Arrivées / clignotement, Regard / surveillance, Préparation;;;;This creature enters prepared. (While it's prepared, you may cast a copy of its spell. Doing so unprepares it.) / When this creature enters, surveil 1. / // / Create a 2/2 colorless Wizard Soldier creature token named Cadet. Surveil 1.
FRA;40;rare;Sphinx of False Conclusions;Creature — Sphinx Illusion;{2}{U}{U};Pioche;Jetons, Sacrifice / mort, Combat, Défausse;;;;Flash / Flying / Whenever this creature attacks, draw a card, then discard a card. / When this creature dies, if it isn't a token, create a token that's a copy of it.
FRA;41;common;Sphinx's Approach;Instant;{1}{U}{U};Pioche, Tutor;Sorts, Pioche;;;;Draw two cards. Then you may exile this spell and four cards named Sphinx's Approach from your graveyard. If you do, search your library for a Sphinx creature card, put it onto the battlefield, then shuffle. / A deck can have any number of cards named Sphinx's Approach.
FRA;42;common;Surveillance Phantasm;Creature — Bird Illusion;{1}{U};Pioche;Cimetière, Regard / surveillance;;;;Defender, flying, vigilance / As long as you've scried or surveilled this turn, this creature can attack as though it didn't have defender. / {3}{U}: Surveil 1. (Look at the top card of your library. You may put it into your graveyard.)
FRA;43;mythic;The Theorist, Jace Beleren;Legendary Planeswalker — Jace;{2}{U}{U};Pioche;Jetons, Compteurs +1/+1, Pioche, Planeswalkers / loyauté;;;;At the beginning of each opponent's draw step, you draw a card. / [+1]: Create a 1/1 blue Illusion creature token. / [-2]: For each opponent, return up to one target artifact or creature that player controls to its owner's hand. / [-6]: Draw three cards. Then put X +1/+1 counters on each creature you control, where X is the number of cards in your hand.
FRA;44;rare;Theorist's Proxy;Creature — Illusion;{1}{U};Pioche, Protection;Jetons, Arrivées / clignotement, Planeswalkers / loyauté, Regard / surveillance;;;;"Flash / When this creature enters, empower Jace 3. (Put three loyalty counters on a Jace token you control. If you don't control one, first create a blue Jace planeswalker token with ""[-1]: Surveil 1"" and ""[-3]: Draw a card."") / {U}, Sacrifice this creature: The next spell you cast this turn can't be countered."
FRA;45;common;Undulating Witness;Creature — Serpent;{4}{U};Rampe;Terrains;;;;Flying / {2}: This creature gets +1/-1 until end of turn. / Basic landcycling {2} ({2}, Discard this card: Search your library for a basic land card, reveal it, put it into your hand, then shuffle.)
FRA;47;rare;Variable Chaser // Arc of Fortune;Creature — Human Wizard // Sorcery;{2}{U} // {2}{U};;Sorts, Préparation;;;;Flying, prowess / This creature enters prepared. (While it's prepared, you may cast a copy of its spell. Doing so unprepares it.) / // / Each player may discard their hand and draw seven cards.
FRA;48;common;Apex Witchstalker;Creature — Wolf;{4}{B}{B};Rampe, Finisher;Sacrifice / mort, Terrains, Gain de vie, Combat;;;;Menace (This creature can't be blocked except by two or more creatures.) / When this creature enters or dies, you gain 2 life. / Basic landcycling {2} ({2}, Discard this card: Search your library for a basic land card, reveal it, put it into your hand, then shuffle.)
FRA;49;mythic;Bloodline Recollector // Ancestral Craving;Creature — Vampire Warlock // Instant;{1}{B} // {B};;Sorts, Préparation;;;;At the beginning of each end step, if three or more creatures died this turn, this creature becomes prepared. (While it's prepared, you may cast a copy of its spell. Doing so unprepares it.) / // / Target player draws three cards and loses 3 life.
FRA;50;uncommon;Break Under Pressure;Instant;{2}{B};Disruption;Sorts, Gain de vie;;;;Target opponent sacrifices a creature or planeswalker with the greatest mana value among creatures and planeswalkers they control. You gain 2 life.
FRA;51;common;Cast Away Doubt;Sorcery;{2}{B};Pioche;Sorts, Pioche;;;;Draw two cards. Cast Away Doubt deals 2 damage to each player.
FRA;52;rare;Dark Matter Manipulator;Creature — Human Warlock;{B};;Cimetière, Arrivées / clignotement;;;;When this creature enters, mill three cards. / This creature gets +2/+0 for every seven cards in your graveyard.
FRA;53;mythic;Darklight Phoenix;Creature — Phoenix;{3}{B};;Cimetière, Combat;;;;Flying, haste / At the beginning of combat on your turn, if two or more creatures died this turn, return this card from your graveyard to the battlefield.
FRA;54;common;Extended Absence;Instant;{3}{B};Removal;Sorts, Gain de vie, Blessures directes;;;;Exile target creature or planeswalker. Extended Absence deals 1 damage to each opponent and you gain 1 life.
FRA;55;rare;Extrapolate the Impossible;Sorcery;{1}{B};;Sorts;;;;You may reveal exactly two cards you own with different names from outside the game. An opponent chooses one of them. You put that card into your hand.
FRA;57;rare;Lich's Relic;Artifact — Equipment;{B};Removal;Artefacts, Arrivées / clignotement, Équipements / Auras;;;;When this Equipment enters, you may pay {2}. When you do, for each opponent, destroy up to one target creature or planeswalker that player controls. / Equipped creature gets +2/+1. / Equip {2}
FRA;58;uncommon;Multiply by Zero;Instant;{1}{B};Removal;Sorts;;;;Target creature has base power and toughness 0/0 until end of turn.
FRA;59;mythic;Overwrite the Multiverse;Sorcery;{4}{B}{B};Board wipe, Pioche;Jetons, Sorts, Planeswalkers / loyauté, Regard / surveillance;;;;"Exile all creatures. Empower Jace X, where X is the number of creatures exiled this way. (Put that many loyalty counters on a Jace token you control. If you don't control one, first create a blue Jace planeswalker token with ""[-1]: Surveil 1"" and ""[-3]: Draw a card."")"
FRA;60;common;Rampart Hunter;Creature — Horror;{3}{B};;Arrivées / clignotement;;;;Deathtouch / When this creature enters, target creature gets +2/+2 and gains deathtouch until end of turn.
FRA;61;common;Rank Rat;Creature — Zombie Rat;{1}{B};Disruption;Arrivées / clignotement;;;;When this creature enters, each opponent discards a card.
FRA;62;uncommon;Rewrite Regrets;Sorcery;{3}{B};Pioche;Jetons, Sorts, Cimetière, Planeswalkers / loyauté, Regard / surveillance;;;;"Return target creature or planeswalker card with mana value 6 or less from your graveyard to the battlefield. / Empower Jace 2. (Put two loyalty counters on a Jace token you control. If you don't control one, first create a blue Jace planeswalker token with ""[-1]: Surveil 1"" and ""[-3]: Draw a card."")"
FRA;63;rare;Rise of the Deathbringer;Instant;{4}{B};Board wipe, Pioche;Sorts;;;;Choose one — / • Draw cards equal to the greatest power among creatures you control. You lose life equal to the number of cards drawn this way. / • All creatures get -3/-3 until end of turn.
FRA;64;rare;Sanctum Lurker;Creature — Horror;{2}{B};Pioche;Gain de vie, Arrivées / clignotement, Planeswalkers / loyauté, Regard / surveillance, Blessures directes;;;;"When this creature enters, empower Jace 1. / Planeswalkers you control aren't put into their owners' graveyards for having 0 loyalty. / Planeswalkers you control have ""[+2]: This planeswalker deals 1 damage to each opponent and you gain 1 life."""
FRA;65;common;Screeching Soulbreaker;Creature — Siren Bard;{2}{B};;Gain de vie, Combat, Blessures directes;;;;Flying / Whenever this creature attacks, it deals 1 damage to each opponent and you gain 1 life.
FRA;66;common;Silence the Echo;Sorcery;{1}{B};Removal;Sacrifice / mort, Sorts;;;;As an additional cost to cast this spell, sacrifice a creature or planeswalker or pay {3}. / Destroy target creature or planeswalker.
FRA;67;common;Solve for Disappointment;Sorcery;{1}{B};Pioche, Disruption;Jetons, Sorts, Planeswalkers / loyauté, Regard / surveillance;;;;"Target opponent reveals their hand. You choose a nonland permanent card from it. That player discards that card. / Empower Jace 1. (Put a loyalty counter on a Jace token you control. If you don't control one, first create a blue Jace planeswalker token with ""[-1]: Surveil 1"" and ""[-3]: Draw a card."")"
FRA;68;uncommon;Terminal Criticism;Instant;{1}{B};Removal;Sorts, Gain de vie;;;;Destroy target creature or planeswalker that's blue or red. You gain 1 life.
FRA;69;common;Theoretical Necromancer;Creature — Vampire Warlock;{2}{B};;;;;;{3}{B}, Exile this card from your graveyard: Return another target creature card from your graveyard to your hand.
FRA;70;common;Void Extrapolator // Omit Variables;Creature — Aetherborn Warlock // Sorcery;{1}{B} // {U/B};;Sorts, Cimetière, Préparation;;;;This creature enters prepared. (While it's prepared, you may cast a copy of its spell. Doing so unprepares it.) / Threshold — This creature gets +1/+1 as long as there are seven or more cards in your graveyard. / // / Mill three cards. (Put the top three cards of your library into your graveyard.)
FRA;71;rare;Vraska's Final Mercy;Sorcery;{B}{B};Removal, Pioche;Jetons, Sorts, Planeswalkers / loyauté, Regard / surveillance;;;;"Choose one — / • You lose 2 life. Destroy target creature or planeswalker. / • You lose 2 life. Empower Jace 6. (Put six loyalty counters on a Jace token you control. If you don't control one, first create a blue Jace planeswalker token with ""[-1]: Surveil 1"" and ""[-3]: Draw a card."")"
FRA;72;rare;Ajani's Anguish;Enchantment;{X}{R};Removal;Enchantements, Arrivées / clignotement, Blessures directes;;;;When this enchantment enters, it deals X damage to any target. / Creatures you control have trample.
FRA;73;common;Artifist Acumen;Sorcery;{R};Pioche;Sorts;;;;Creatures you control gain first strike until end of turn. / Draw a card.
FRA;74;common;Awaken the Inferno;Sorcery;{4}{R};Rampe, Removal;Compteurs +1/+1, Sorts, Terrains;;;;Awaken the Inferno deals 6 damage to target creature or planeswalker an opponent controls. Put a +1/+1 counter on up to one target creature you control. / Basic landcycling {2} ({2}, Discard this card: Search your library for a basic land card, reveal it, put it into your hand, then shuffle.)
FRA;76;common;Chandra's Emberling;Creature — Gremlin Elemental;{2}{R};;Compteurs +1/+1, Sorts, Combat;;;;Haste / Whenever you cast a noncreature spell, put a +1/+1 counter on this creature.
FRA;77;uncommon;Command the Stage;Sorcery;{2}{R};;Jetons, Compteurs +1/+1, Sorts, Blessures directes;;;;Create a 2/2 colorless Wizard Soldier creature token named Cadet, then put a +1/+1 counter on each other Wizard token you control. / At the beginning of each upkeep, if an opponent was dealt noncombat damage last turn, return this card from your graveyard to your hand.
FRA;78;mythic;Craterclaw Colossus;Artifact Creature — Beast Construct;{4}{R}{R}{R};;Artefacts, Arrivées / clignotement, Combat;;;;Haste / When this creature enters, creatures you control gain trample and get +X/+0 until end of turn, where X is the number of artifacts you control.
FRA;79;rare;Curse-Marred Demon;Creature — Demon;{2}{R}{R};Tutor;Arrivées / clignotement, Défausse;;;;Flying, trample / When this creature enters, search your library for a card, put it into your hand, shuffle, then discard a card at random.
FRA;80;rare;Draconic Visitor;Creature — Dragon;{3}{R}{R};;;;;;Flying / If one or more artifact tokens would be created under your control, that many 5/5 red Dragon creature tokens with flying are created instead.
FRA;81;common;Eardrum Rattler;Creature — Human Bard;{1}{R};Finisher;Combat;;;;{1}, {T}: Another target creature you control with power 2 or less can't be blocked this turn.
FRA;82;uncommon;Essence Burn;Instant;{1}{R};Removal;Sorts;;;;Essence Burn deals 5 damage to target black or green creature or planeswalker. If that permanent would die this turn, exile it instead.
FRA;83;rare;Face Yourself;Sorcery;{5}{R}{R};;Jetons, Sorts, Combat;;;;"For each creature target player controls, create a token that's a copy of that creature, except it has haste and ""At the beginning of the end step, if you don't control a planeswalker, sacrifice this creature."""
FRA;84;uncommon;Fulminous Forte;Instant;{2}{R};Removal, Board wipe;Sorts;;;;Choose one — / • Fulminous Forte deals 1 damage to each creature and planeswalker your opponents control. / • Fulminous Forte deals 5 damage to target creature or planeswalker.
FRA;85;common;Hallway Heckler // Vicious Verse;Creature — Elemental Sorcerer // Sorcery;{2}{R} // {B/R};Pioche;Sorts, Défausse, Préparation, Blessures directes;;;;This creature enters prepared. (While it's prepared, you may cast a copy of its spell. Doing so unprepares it.) / {T}, Discard a card: Draw a card. / // / Vicious Verse deals 1 damage to target opponent.
FRA;86;common;Heartstring Puller;Creature — Elf Sorcerer;{3}{R};;Jetons, Arrivées / clignotement;;;;Trample / When this creature enters, create a 2/2 colorless Wizard Soldier creature token named Cadet.
FRA;87;rare;Identity Echo;Enchantment;{2}{R};;Enchantements, Planeswalkers / loyauté;;;;{3}{R}: Exile target creature or planeswalker you control. Reveal cards from the top of your library until you reveal a creature or planeswalker card. Put that card onto the battlefield and the rest on the bottom of your library in a random order. Activate only as a sorcery.
FRA;88;rare;Master of Barbs;Creature — Lizard Bard;{1}{R};Finisher;Blessures directes;;;;Menace / Whenever one or more opponents are dealt noncombat damage, creatures you control get +1/+0 until end of turn.
FRA;89;common;No Admittance;Sorcery;{1}{R};Removal, Pioche;Jetons, Sorts, Planeswalkers / loyauté, Regard / surveillance, Blessures directes;;;;"No Admittance deals 3 damage to any target. / Empower Jace 1. (Put a loyalty counter on a Jace token you control. If you don't control one, first create a blue Jace planeswalker token with ""[-1]: Surveil 1"" and ""[-3]: Draw a card."")"
FRA;90;rare;Pompous Battlemage // Improvised Act;Creature — Goblin Sorcerer // Sorcery;{R} // {R};Pioche;Sorts, Défausse, Préparation;;;;Prowess / This creature enters prepared. (While it's prepared, you may cast a copy of its spell. Doing so unprepares it.) / // / You may discard a card. If you do, draw a card.
FRA;91;rare;Pyre Rhymer // Molten Tide;Creature — Elemental Sorcerer // Instant;{1}{R}{R} // {R};;Sorts, Préparation;;;;Prowess / This creature enters prepared. (While it's prepared, you may cast a copy of its spell. Doing so unprepares it.) / // / Until end of turn, whenever you tap a Mountain for mana, add an additonal {R}.
FRA;92;common;Skilled Battlecarver;Creature — Human Warrior;{1}{R};;;;;;During your turn, this creature has first strike. / {1}{R}: This creature gets +1/+0 until end of turn.
FRA;93;mythic;Stingcaster Mage;Creature — Human Wizard;{1}{R};;Cimetière, Arrivées / clignotement, Combat;;;;Haste / When this creature enters, target instant or sorcery card in your graveyard gains flashback until end of turn. The flashback cost is equal to its mana cost. (You may cast that card from your graveyard for its flashback cost. Then exile it.)
FRA;94;common;Tether Technician;Creature — Minotaur Artificer;{4}{R};Removal;Arrivées / clignotement, Défausse, Blessures directes;;;;Reach / When this creature enters, you may discard a card. When you do, this creature deals 2 damage to any target.
FRA;95;uncommon;Violent Echoes;Instant;{2}{R}{R};Removal, Pioche;Jetons, Sorts, Planeswalkers / loyauté, Regard / surveillance;;;;"Violent Echoes deals 6 damage to target creature or planeswalker. If excess damage was dealt to that permanent this way, empower Jace X, where X is that excess damage. (Put that many loyalty counters on a Jace token you control. If you don't control one, first create a blue Jace planeswalker token with ""[-1]: Surveil 1"" and ""[-3]: Draw a card."")"
FRA;96;common;Wrath of the Bloodmane;Instant;{2}{R};Removal;Sorts;;;;This spell costs {1} less to cast if you control a legendary creature. / Wrath of the Bloodmane deals 4 damage to target creature or planeswalker.
FRA;97;common;Arcane Amphisbaena;Creature — Snake;{1}{G};Pioche;Jetons, Arrivées / clignotement, Planeswalkers / loyauté, Regard / surveillance;;;;"Deathtouch / When this creature enters, empower Jace 2. (Put two loyalty counters on a Jace token you control. If you don't control one, first create a blue Jace planeswalker token with ""[-1]: Surveil 1"" and ""[-3]: Draw a card."")"
FRA;98;common;Bestial Incursion;Sorcery;{3}{G};;Jetons, Sorts, Cimetière;;;;Create a 4/4 green Beast creature token with trample. / Flashback {5}{G} (You may cast this card from your graveyard for its flashback cost. Then exile it.)
FRA;99;common;Budding Insurgent;Creature — Dryad Scout;{2}{G};Removal, Pioche;;;;;Vigilance / Sacrifice this creature: Destroy target artifact or enchantment. If that permanent was a legendary enchantment, draw a card. Activate only as a sorcery.
FRA;100;rare;Carnivorous Cultivator // Enroot;Creature — Elf Warlock // Instant;{1}{G} // {G};Rampe;Sorts, Cimetière, Terrains, Préparation;;oui;;Deathtouch / This creature enters prepared. / Whenever this creature deals combat damage to a player, return target land card from your graveyard to your hand. / // / Search your library for a land card, put it into your graveyard, then shuffle.
FRA;101;common;Compel Brutality;Instant;{1}{G};Removal;Sorts, Planeswalkers / loyauté;;;;Choose one — / • Target creature you control deals damage equal to its power to target creature or planeswalker an opponent controls. / • Target planeswalker you control deals damage equal to its loyalty to target creature or planeswalker an opponent controls.
FRA;102;uncommon;Flourishing Grapple;Instant;{G};Removal;Sorts;;;;Target creature or planeswalker an opponent controls that's red or white loses all abilities until end of turn. Target creature you control deals damage equal to its power to that permanent.
FRA;103;rare;Gardenize;Enchantment;{1}{G}{G};Rampe;Sacrifice / mort, Enchantements;;;;Whenever a creature you control dies, put a charge counter on this enchantment. / At the beginning of your first main phase, add {G} for each charge counter on this enchantment.
FRA;104;common;Greenhouse Propagator;Creature — Cat Druid;{2}{G};Rampe;Gain de vie;;;;Whenever another creature you control enters, you gain 1 life. / {T}: Add {G}.
FRA;105;uncommon;Heartwood Crafter // Soul Tether;Creature — Elf Artificer // Sorcery;{G} // {2}{R/G};Rampe, Fixing;Jetons, Sorts, Artefacts, Trésors / mana, Préparation;;oui;;"This creature enters prepared. (While it's prepared, you may cast a copy of its spell. Doing so unprepares it.) / {T}: Add {C}. This mana can't be spent to cast spells from your hand. / // / Create a Heartwood token. (It's a red and green artifact with ""{T}: Add {R} or {G}."")"
FRA;106;mythic;Hexhaven Invigorator;Creature — Chimera Horror;{G}{G}{G}{G};Rampe;;;;;Vigilance / Whenever this creature is dealt damage, you may search your library for up to that many land cards, put them onto the battlefield tapped, then shuffle.
FRA;107;rare;Hungering Puppetbeast;Artifact Creature — Beast Construct;{3}{G}{G};Rampe, Protection, Fixing;Jetons, Compteurs +1/+1, Sacrifice / mort, Artefacts, Arrivées / clignotement, Combat, Trésors / mana;;;;"When this creature enters, create a Heartwood token. (It's a red and green artifact with ""{T}: Add {R} or {G}."") / {1}, Sacrifice another artifact: Put a +1/+1 counter on this creature. It gains your choice of trample, hexproof, or haste until end of turn."
FRA;108;uncommon;Hunter's Axe;Artifact — Equipment;{G};;Artefacts, Combat, Équipements / Auras;;;;"Equipped creature gets +2/+0 and has ""Whenever this creature attacks, it gains your choice of trample or deathtouch until end of turn."" / Equip {2} ({2}: Attach to target creature you control. Equip only as a sorcery.)"
FRA;109;common;Inspired Tethermage;Creature — Elf Warrior;{2}{G};Pioche;Jetons, Compteurs +1/+1, Planeswalkers / loyauté, Regard / surveillance;;;;"Whenever you put one or more loyalty counters on a planeswalker, put a +1/+1 counter on this creature. / {6}: Empower Jace 2. (Put two loyalty counters on a Jace token you control. If you don't control one, first create a blue Jace planeswalker token with ""[-1]: Surveil 1"" and ""[-3]: Draw a card."")"
FRA;110;mythic;Omnipresence;Enchantment;{5}{G}{G}{G};;Enchantements;;;;You may cast spells with mana value less than or equal to the number of creatures you control from your hand without paying their mana costs.
FRA;111;rare;Puppet Crafting;Enchantment — Aura;{1}{G};;Enchantements, Équipements / Auras;;;;Enchant artifact or non-Aura enchantment / Enchanted permanent is a Construct creature with base power and toughness 5/5 in addition to its other types. / {4}{G}: Return this card from your graveyard to your hand.
FRA;112;uncommon;Restore with Empathy;Instant;{2}{G};;Sorts, Gain de vie;;;;Return target permanent card from your graveyard to your hand. You gain 4 life.
FRA;113;rare;Simulacrum Shaper;Creature — Elf Druid;{1}{G}{G};Rampe, Pioche;Sacrifice / mort, Terrains, Arrivées / clignotement;;;;When this creature enters, you may search your library for a basic land card, put that card onto the battlefield tapped, then shuffle. / When this creature dies, draw a card.
FRA;114;common;Something Worth Saving;Instant;{1}{G};;Sorts, Cimetière, Gain de vie;;;;Mill four cards. You may put a permanent card from among them into your hand. You gain 1 life. (To mill four cards, put the top four cards of your library into your graveyard.)
FRA;115;common;Sureshot Sower;Creature — Human Archer;{1}{G};Removal;;;;;Reach / {3}{G}, Discard this card: Destroy target creature with flying.
FRA;117;common;Tethermage's Advantage;Instant;{G};;Sorts;;;;Target creature gets +2/+2 and gains reach until end of turn. Untap it.
FRA;118;rare;Verdant Kraken;Creature — Plant Kraken;{4}{G}{G}{G};Rampe;Jetons;;;;"At the beginning of each player's upkeep, you create a 3/3 green Forest Tentacle land creature token. (It has ""{T}: Add {G}."" It's affected by summoning sickness until your next turn.)"
FRA;119;common;Vinelasher Adept;Creature — Rhino Soldier;{4}{G}{G};Rampe;Compteurs +1/+1, Terrains, Arrivées / clignotement;;;;Reach / When this creature enters, put three +1/+1 counters on target creature. / Basic landcycling {2} ({2}, Discard this card: Search your library for a basic land card, reveal it, put it into your hand, then shuffle.)
FRA;120;common;Wrecking Gecko;Artifact Creature — Lizard Construct;{4}{G};Protection;Artefacts;;;;Ward {2} (Whenever this creature becomes the target of a spell or ability an opponent controls, counter it unless that player pays {2}.) / {6}{G}{G}: This creature gets +4/+4 and gains trample until end of turn.
FRA;121;mythic;Aerid Konstrari;Legendary Creature — Elder Sphinx;{1}{R}{G}{G};Rampe, Fixing;Jetons, Sacrifice / mort, Artefacts, Trésors / mana;oui;;Jetons, Artefacts, Trésors / mana;"Flying / When Aerid Konstrari enters or dies, create a Heartwood token. (It's a red and green artifact with ""{T}: Add {R} or {G}."") / {6}: Create a Heartwood token. Then Aerid Konstrari gets +X/+0 until end of turn, where X is the number of artifacts you control."
FRA;122;mythic;Avatar of Burgeoning Echoes;Creature — Avatar;{G}{U};Pioche;Jetons, Compteurs +1/+1, Terrains, Planeswalkers / loyauté, Regard / surveillance;;;;"Landfall — Whenever a land you control enters, empower Jace 2. (Put two loyalty counters on a Jace token you control. If you don't control one, first create a blue Jace planeswalker token with ""[-1]: Surveil 1"" and ""[-3]: Draw a card."") / Planeswalkers you control have ""[-10]: Put a +1/+1 counter on target creature for each land you control."""
FRA;123;common;Blessed Ghoul;Creature — Zombie Cleric;{W/B};;Gain de vie;;;;Lifelink / {2}{W/B}: Return this card from your graveyard to your hand.
FRA;124;uncommon;Bloombrute;Creature — Plant Elemental;{2}{G}{W};Pioche;Gain de vie;;;;Whenever you gain life, draw a card. This ability triggers only once each turn. / {4}{G}{W}: Target creature gains trample and lifelink until end of turn.
FRA;125;common;Charge the Sanctum;Instant;{2}{R/W};;Compteurs +1/+1, Sorts;;;;Choose one — / • Creatures you control get +2/+0 until end of turn. / • Target creature gets +2/+0 and gains first strike until end of turn. Put a +1/+1 counter on it.
FRA;126;uncommon;Clash of Elements;Instant;{1}{U}{R};Removal;Sorts;;;;Choose target nonland permanent. Its owner may put it on the top of their library. If they do, Clash of Elements deals 2 damage to them. If they didn't put the card on top of their library, they put it on the bottom.
FRA;127;uncommon;Craftwork Crusher;Artifact Creature — Boar Construct;{3}{R}{R}{G}{G};Removal, Pioche;Jetons, Artefacts, Arrivées / clignotement;;;;Trample / When this creature enters, choose two — / • This creature deals 4 damage to target creature or planeswalker. / • Create a 2/2 colorless Wizard Soldier creature token named Cadet. / • Draw a card.
FRA;128;mythic;Denzilore Fatehold;Legendary Creature — Elder Sphinx;{1}{W}{U}{U};;Compteurs +1/+1, Regard / surveillance;oui;;Compteurs +1/+1, Regard / surveillance;Flash / Flying / Whenever you scry or surveil, put a +1/+1 counter on each creature you control.
FRA;129;uncommon;Desperate Futurescribe;Creature — Kor Scout;{2}{W}{U};;Compteurs +1/+1, Regard / surveillance;;;;Flying / At the beginning of combat on your turn, another target creature you control gets +1/+1 until end of turn. If you've scried or surveilled this turn, put a +1/+1 counter on that creature instead.
FRA;130;common;Emergency Phytomedic // Seed Suture;Creature — Dryad Cleric // Sorcery;{G/W} // {G/W};;Compteurs +1/+1, Sorts, Gain de vie, Préparation;;;;This creature enters prepared. (While it's prepared, you may cast a copy of its spell. Doing so unprepares it. ) / // / Put a +1/+1 counter on target creature. You gain 1 life.
FRA;131;rare;Entrust the Spark;Sorcery;{3}{G}{U};Tutor;Sorts;;;;You may sacrifice a planeswalker. If you do, search your library for a planeswalker card, put it onto the battlefield, then shuffle.
FRA;132;uncommon;Fatehold Charm;Instant;{W}{U};Pioche;Sorts, Planeswalkers / loyauté, Regard / surveillance;;;;Choose one — / • Draw a card. Empower Jace 2. / • Return target spell or creature to its owner's hand. / • Creatures you control get +1/+2 until end of turn.
FRA;133;common;Fatehold Chronologist // Peer Review;Creature — Bird Wizard // Sorcery;{1}{W/U} // {2}{W/U};Pioche;Jetons, Sorts, Regard / surveillance, Préparation;;;;Flying / This creature enters prepared. (While it's prepared, you may cast a copy of its spell. Doing so unprepares it.) / // / Create a 2/2 colorless Wizard Soldier creature token named Cadet. Surveil 1.
FRA;134;common;Ferocity of the Hunt;Enchantment — Aura;{1}{B/G};;Sacrifice / mort, Enchantements, Équipements / Auras;;;;Flash / Enchant creature / Enchanted creature gets +1/+0 and has deathtouch. / When enchanted creature dies, return that card to the battlefield tapped under its owner's control.
FRA;135;rare;Frostbite Pyromental;Creature — Elemental;{U}{R}{R};Pioche;Combat, Pioche;;;;Trample, haste / Whenever this creature deals combat damage to a player, draw two cards. / At the beginning of the end step, sacrifice this creature.
FRA;136;uncommon;Grim Repriser;Creature — Zombie Bard;{B}{R};;Sorts, Cimetière, Blessures directes;;;;Prowess (Whenever you cast a noncreature spell, this creature gets +1/+1 until end of turn.) / {B}{R}: Return this card from your graveyard to the battlefield with a finality counter on it. Activate only if an opponent has been dealt noncombat damage this turn. (If a creature with a finality counter on it would die, exile it instead.)
FRA;137;mythic;Ingris Stingerquill;Legendary Creature — Elder Sphinx;{B}{R}{R};;Jetons, Combat, Blessures directes;oui;;Jetons, Attaque / combat, Blessures directes;Flying / Whenever a creature you control attacks, that creature deals 1 damage to each opponent. / {4}: Create a 2/2 colorless Wizard Soldier creature token named Cadet. Then creatures you control gain haste until end of turn.
FRA;138;uncommon;Konstrari Charm;Instant;{R}{G};Rampe, Removal;Compteurs +1/+1, Sorts;;oui;;Choose one — / • Konstrari Charm deals 6 damage to target creature with flying. / • Put two +1/+1 counters on target creature. It gains trample until end of turn. / • Add {C}{C}{C}.
FRA;139;common;Konstrari Improviser // Soul Tether;Creature — Human Artificer // Sorcery;{1}{R/G} // {2}{R/G};Rampe, Fixing;Jetons, Sorts, Artefacts, Trésors / mana, Préparation;;oui;;"This creature enters prepared. (While it's prepared, you may cast a copy of its spell. Doing so unprepares it.) / // / Create a Heartwood token. (It's a red and green artifact with ""{T}: Add {R} or {G}."")"
FRA;140;mythic;Kwia Vigorbloom;Legendary Creature — Elder Sphinx;{3}{G}{W}{W};Rampe, Protection, Fixing;Jetons, Gain de vie;oui;;Jetons, Gain de vie;"Flying, vigilance, lifelink, ward {2} / Whenever you gain life, create a colorless artifact token named Lotus with ""{T}, Sacrifice this token: Add three mana of any one color."" This ability triggers only once each turn."
FRA;141;uncommon;Mind Meanderer;Creature — Bird Fish Illusion;{3}{G}{U}{U};Removal;Arrivées / clignotement;;;;Flying / This creature has vigilance as long as you control a Jace planeswalker. / When this creature enters, it fights up to one target creature an opponent controls. (Each deals damage equal to its power to the other.)
FRA;142;rare;Null Summoner;Creature — Human Warlock;{2}{U}{B};Disruption;Arrivées / clignotement;;;;When this creature enters, if you cast it, target opponent reveals their hand. You choose a nonland card from it. Exile that card. / Threshold — As long as there are seven or more cards in your graveyard, you may cast the exiled card, and mana of any type can be spent to cast that spell.
FRA;143;uncommon;Paradox Shaper // Omit Variables;Creature — Octopus Wizard // Sorcery;{1}{U/B} // {U/B};;Sorts, Cimetière, Préparation;;;;At the beginning of your upkeep, if this creature isn't prepared, it becomes prepared. / {2}: Put target card from your graveyard on the bottom of your library. / // / Mill three cards. (Put the top three cards of your library into your graveyard.)
FRA;144;uncommon;Primal Witchstalker;Creature — Wolf;{1}{B}{G};Finisher;Cimetière, Terrains, Arrivées / clignotement, Combat;;;;Menace (This creature can't be blocked except by two or more creatures.) / When this creature enters, mill four cards. When you do, return target land card from your graveyard to the battlefield tapped. (To mill four cards, put the top four cards of your library into your graveyard.)
FRA;145;rare;Proctor of Potential;Creature — Human Cleric;{W}{U};Pioche;Cimetière, Regard / surveillance;;;;Whenever this creature or another creature you control enters, surveil 1. (Look at the top card of your library. You may put it into your graveyard.) / {W}{U}: Return this card from your graveyard to the battlefield with a finality counter on it. Activate only if you've scried or surveilled this turn. (If a creature with a finality counter on it would die, exile it instead.)
FRA;146;uncommon;Prudent Fateseer // Peer Review;Creature — Dwarf Wizard // Sorcery;{1}{W/U}{W/U} // {2}{W/U};Pioche;Jetons, Sorts, Regard / surveillance, Préparation;;;;This creature enters prepared. / Whenever you scry or surveil, creatures you control get +1/+0 until end of turn. This ability triggers only once each turn. / // / Create a 2/2 colorless Wizard Soldier creature token named Cadet. Surveil 1.
FRA;147;uncommon;Recursive Recruitment;Sorcery;{2}{U}{B};;Jetons, Compteurs +1/+1, Sorts, Cimetière;;;;Create two 2/2 colorless Wizard Soldier creature tokens named Cadet. If this spell was cast from a graveyard, put a +1/+1 counter on each of them for every three cards in your graveyard. / Flashback {6}{U}{B} (You may cast this card from your graveyard for its flashback cost. Then exile it.)
FRA;148;rare;Solarium Sentry;Creature — Cat Soldier;{G}{W};;Gain de vie;;;;Whenever an opponent casts a spell with mana value 2 or less, you gain 2 life.
FRA;149;rare;Solitary Cell;Artifact;{R}{W};Removal, Pioche;Artefacts, Arrivées / clignotement, Défausse;;;;When this artifact enters, exile target nonland permanent an opponent controls with mana value 3 or less until this artifact leaves the battlefield. / {1}, {T}, Discard a legendary card: Draw a card.
FRA;150;uncommon;Stingerquill Charm;Instant;{B}{R};Removal;Jetons, Sorts, Combat, Blessures directes;;;;Choose one — / • Stingerquill Charm deals 3 damage to any target. / • Target creature gains first strike and deathtouch until end of turn. / • Create a 2/2 colorless Wizard Soldier creature token named Cadet. It gains haste until end of turn.
FRA;151;uncommon;Stingerquill Voxmancer // Vicious Verse;Creature — Goblin Sorcerer // Sorcery;{B/R} // {B/R};;Sorts, Préparation, Blessures directes;;;;At the beginning of your upkeep, if this creature isn't prepared, it becomes prepared. (While it's prepared, you may cast a copy of its spell. Doing so unprepares it.) / // / Vicious Verse deals 1 damage to target opponent.
FRA;152;rare;Stinging Vitriol;Sorcery;{B}{R};Disruption;Sorts, Blessures directes;;;;Stinging Vitriol deals 2 damage to target opponent. That player reveals their hand. You choose a nonland card from it. They discard that card.
FRA;153;common;Tam's Resistance;Sorcery;{1}{G/U};Pioche;Jetons, Compteurs +1/+1, Sorts, Planeswalkers / loyauté, Regard / surveillance;;;;"Put a +1/+1 counter on up to one target creature. It gains vigilance until end of turn. / Empower Jace 4. (Put four loyalty counters on a Jace token you control. If you don't control one, first create a blue Jace planeswalker token with ""[-1]: Surveil 1"" and ""[-3]: Draw a card."")"
FRA;154;rare;Tenured Tethermage;Creature — Human Artificer;{1}{R}{G};Rampe, Fixing;Jetons, Compteurs +1/+1, Artefacts, Arrivées / clignotement, Trésors / mana;;;;"When this creature enters, you may sacrifice a land. If you do, create two tapped Heartwood tokens. (They're red and green artifacts with ""{T}: Add {R} or {G}."") / Tap two untapped artifacts you control: Put two +1/+1 counters on this creature."
FRA;155;uncommon;Theorix Charm;Instant;{U}{B};Removal, Pioche, Protection;Sorts, Cimetière;;;;Choose one — / • Counter target noncreature spell unless its controller pays {2}. / • Target creature gets -2/-2 until end of turn. / • Mill three cards, then draw a card. (To mill three cards, put the top three cards of your library into your graveyard.)
FRA;156;common;Theorix Metamage // Omit Variables;Creature — Shade Wizard // Sorcery;{2}{U/B} // {U/B};;Sorts, Cimetière, Préparation;;;;This creature enters prepared. (While it's prepared, you may cast a copy of its spell. Doing so unprepares it.) / Threshold — This creature gets +1/+0 and has flying as long as there are seven or more cards in your graveyard. / // / Mill three cards. (Put the top three cards of your library into your graveyard.)
FRA;157;common;Twinned Vision;Instant;{1}{U/R};Pioche;Sorts, Cimetière, Pioche, Défausse;;;;Draw a card. If this spell wasn't cast from your hand, draw two cards instead. / Flashback—{1}{U/R}{U/R}, Discard a card. (You may cast this card from your graveyard for its flashback cost. Then exile it.)
FRA;158;uncommon;Twisted Fates;Sorcery;{2}{W}{W}{B};Removal;Compteurs +1/+1, Sorts;;;;Destroy target nonland permanent. Put a +1/+1 counter on each creature target player controls.
FRA;159;mythic;Uldaros Theorix;Legendary Creature — Elder Sphinx;{3}{U}{B}{B};;Arrivées / clignotement;oui;;Cimetière / réanimation;Flying / When Uldaros Theorix enters, if you cast him, exile up to one target nonland card of each card type from your graveyard. Copy those cards. You may cast any number of spells with total mana value 6 or less from among the copies without paying their mana costs. (Permanent spells cast this way become tokens.)
FRA;160;uncommon;Vigorbloom Charm;Instant;{G}{W};Removal, Pioche, Protection;Compteurs +1/+1, Sorts;;;;Choose one — / • Target permanent you control gains hexproof and indestructible until end of turn. / • You draw a card and gain 3 life. / • Put a +1/+1 counter on target creature you control. Then it fights target creature an opponent controls. (Each deals damage equal to its power to the other.)
FRA;161;uncommon;Vigorbloom Vanguard // Seed Suture;Creature — Troll Druid // Sorcery;{1}{G/W} // {G/W};;Compteurs +1/+1, Sorts, Gain de vie, Préparation;;;;This creature enters prepared. (While it's prepared, you may cast a copy of its spell. Doing so unprepares it.) / Each creature you control with a +1/+1 counter on it has vigilance. / // / Put a +1/+1 counter on target creature. You gain 1 life.
FRA;162;rare;Vindictive Triumph;Instant;{W}{B}{B};Removal;Sorts;;;;Exile target creature or planeswalker. If that permanent's mana value was 3 or less, return it to the battlefield tapped under your control. Exile it at the beginning of the next end step.
FRA;163;uncommon;Warrior's Blades;Artifact — Equipment;{2}{R}{W};Removal;Compteurs +1/+1, Artefacts, Gain de vie, Arrivées / clignotement, Équipements / Auras, Blessures directes;;;;When this Equipment enters, it deals 3 damage to any target and you gain 3 life. / Equipped creature gets +2/+1. / Equip {3}. This ability costs {1} less to activate for each +1/+1 counter on the creature it targets.
FRA;164;common;Whiplash Wordsmith // Vicious Verse;Creature — Vampire Sorcerer // Sorcery;{3}{B/R} // {B/R};;Sorts, Combat, Préparation, Blessures directes;;;;This creature enters prepared. (While it's prepared, you may cast a copy of its spell. Doing so unprepares it.) / As long as an opponent was dealt noncombat damage this turn, this creature has flying and haste. / // / Vicious Verse deals 1 damage to target opponent.
FRA;165;uncommon;Woodwork Prodigy // Soul Tether;Creature — Cat Druid // Sorcery;{2}{R/G} // {2}{R/G};Rampe, Fixing;Jetons, Sorts, Artefacts, Trésors / mana, Préparation;;;;"At the beginning of your upkeep, if this creature isn't prepared, it becomes prepared. (While it's prepared, you may cast a copy of its spell. Doing so unprepares it.) / // / Create a Heartwood token. (It's a red and green artifact with ""{T}: Add {R} or {G}."")"
FRA;166;common;Afterthought Sentry;Artifact Creature — Gargoyle;{2};;Artefacts, Combat;;;;{2}: This creature gains flying until end of turn. / Whenever this creature attacks, exile up to one target card from a graveyard.
FRA;167;uncommon;Archive Arbiter;Artifact Creature — Sphinx;{6};Removal;Artefacts, Gain de vie, Arrivées / clignotement;;;;Flying / When this creature enters, choose one — / • Destroy target noncreature, nonland permanent. / • You gain 4 life.
FRA;168;rare;Codie, Ravenous Codex;Legendary Artifact Creature — Book Construct;{3};;Artefacts, Préparation;oui;;Préparation;Whenever you cast a prepared spell, copy it. You may choose new targets for the copy. / {W}{U}{B}{R}{G}, {T}: Each creature you control becomes prepared. (Only creatures with prepare spells can become prepared.)
FRA;169;mythic;The Echoverse Fulcrum;Legendary Artifact;{2};Board wipe, Pioche;Artefacts, Arrivées / clignotement, Défausse;;;;When The Echoverse Fulcrum enters, draw a card, then discard a card. / {5}, {T}, Exile The Echoverse Fulcrum: Destroy all creatures. Activate only as a sorcery.
FRA;170;uncommon;Eye of Jace;Artifact;{1};Pioche;Artefacts, Cimetière, Gain de vie, Regard / surveillance, Blessures directes;;;;At the beginning of your upkeep, surveil 1. Then if there are seven or more cards in your graveyard, sacrifice this artifact, it deals 2 damage to each opponent, and you gain 2 life. (To surveil 1, look at the top card of your library. You may put it into your graveyard.)
FRA;171;common;Keeper of the Quiet Hour;Artifact Creature — Chimera;{3};Pioche;Jetons, Artefacts, Arrivées / clignotement, Planeswalkers / loyauté, Regard / surveillance;;;;"When this creature enters, empower Jace 2. (Put two loyalty counters on a Jace token you control. If you don't control one, first create a blue Jace planeswalker token with ""[-1]: Surveil 1"" and ""[-3]: Draw a card."")"
FRA;172;common;Living Library;Artifact Creature — Book Illusion;{2};Removal;Artefacts;;;;{6}, Sacrifice this creature: Choose target creature or planeswalker an opponent controls. Its owner shuffles it into their library.
FRA;173;common;Medic's Kitesail;Artifact — Equipment;{2};;Artefacts, Gain de vie, Combat, Équipements / Auras;;;;"Equipped creature gets +1/+0 and has flying and ""Whenever this creature attacks, you gain 1 life."" / Equip {2} ({2}: Attach to target creature you control. Equip only as a sorcery.)"
FRA;174;common;Murmuring Volume;Artifact — Book;{3};Rampe, Pioche, Fixing;Artefacts, Défausse;;;;{T}: Add one mana of any color. / {2}, {T}, Discard a card: Draw a card.
FRA;175;common;Dedicated Commons;Land;;Fixing;;;;;This land enters tapped unless you control a planeswalker. / {T}: Add {R} or {W}.
FRA;177;common;Fatehold Annex;Land;;Fixing;;;;;This land enters tapped unless you control a planeswalker. / {T}: Add {W} or {U}.
FRA;178;common;Formidable Commons;Land;;Fixing;;;;;This land enters tapped unless you control a planeswalker. / {T}: Add {B} or {G}.
FRA;179;rare;Hall of Echoes;Land;;;;;;;"{T}: Add {C}. / {5}: This land becomes a copy of target creature you control until end of turn. The ""legend rule"" doesn't apply to permanents you control this turn."
FRA;181;uncommon;Hexhaven Dueling Arena;Land;;;Préparation;;;;{T}: Add {C}. / {2}, {T}: Target creature that attacked this turn becomes prepared. Activate only as a sorcery. (Only creatures with prepare spells can become prepared.) / {4}, {T}: Target creature becomes prepared.
FRA;182;common;Innovative Commons;Land;;Fixing;;;;;This land enters tapped unless you control a planeswalker. / {T}: Add {U} or {R}.
FRA;183;common;Konstrari Annex;Land;;Fixing;;;;;This land enters tapped unless you control a planeswalker. / {T}: Add {R} or {G}.
FRA;184;common;Meticulous Commons;Land;;Fixing;;;;;This land enters tapped unless you control a planeswalker. / {T}: Add {W} or {B}.
FRA;187;rare;Roiling Canopy;Land;;;;;;;This land enters tapped. / Whenever a Forest you control enters, if you control at least five other Forests, target creature you control gets +3/+3 until end of turn. / {T}: Add {G}.
FRA;188;common;Room of Refuge;Land — Cave;;Fixing;Compteurs +1/+1;;;;This land enters tapped. As it enters, choose a color. / {T}: Add one mana of the chosen color. / {5}, {T}, Sacrifice this land: Put two +1/+1 counters on target creature. Activate only as a sorcery.
FRA;190;common;Stingerquill Annex;Land;;Fixing;;;;;This land enters tapped unless you control a planeswalker. / {T}: Add {B} or {R}.
FRA;191;rare;Theorist's Sanctum;Land — Island;;Pioche;Planeswalkers / loyauté, Regard / surveillance;;;;({T}: Add {U}.) / As this land enters, you may behold a Jace. If you don't, this land enters tapped. (To behold a Jace, choose a Jace you control or reveal a Jace card from your hand.) / {2}{U}, {T}: Empower Jace 2.
FRA;192;common;Theorix Annex;Land;;Fixing;;;;;This land enters tapped unless you control a planeswalker. / {T}: Add {U} or {B}.
FRA;193;common;Transformative Commons;Land;;Fixing;;;;;This land enters tapped unless you control a planeswalker. / {T}: Add {G} or {U}.
FRA;194;common;Vigorbloom Annex;Land;;Fixing;;;;;This land enters tapped unless you control a planeswalker. / {T}: Add {G} or {W}.
FRA;195;mythic;Ajani Resolute;Legendary Planeswalker — Ajani;{1}{W};;Jetons, Compteurs +1/+1, Gain de vie, Planeswalkers / loyauté;;;;"Whenever you gain life, put a loyalty counter on Ajani. / [0]: You gain 1 life. / [-4]: Create a 2/2 white Cat Soldier creature token named Ajani's Pridemate with ""Whenever you gain life, put a +1/+1 counter on this token."" / [-10]: You get an emblem with ""Creatures you control get +2/+2."""
FRA;196;uncommon;Danitha, Sword of Hope;Legendary Creature — Human Knight;{2}{W};Pioche;;oui;;Équipements / Auras;First strike / Whenever you cast an Equipment spell or a spell that targets a creature you control, draw a card. This ability triggers only once each turn.
FRA;197;uncommon;Ghalta the Immovable;Legendary Creature — Elder Dinosaur;{8}{W};;;oui;;;This spell costs {X} less to cast, where X is the greatest toughness among creatures you control. / Creatures you control can attack as though they didn't have defender. / Each creature you control with toughness greater than its power assigns combat damage equal to its toughness rather than its power.
FRA;198;rare;Gideon's Memorial;Legendary Artifact;{1}{W};Rampe, Removal, Fixing;Artefacts, Planeswalkers / loyauté;;oui;;Creature tokens you control get +1/+0 and have vigilance. / {T}: Add one mana of any color. Spend this mana only to cast a planeswalker spell. / {1}{W}, Discard this card: It deals 4 damage to target attacking or blocking creature.
FRA;199;uncommon;Koth of the Homestead;Legendary Creature — Human Citizen;{2}{W};;Compteurs +1/+1, Terrains, Gain de vie;oui;;Compteurs +1/+1, Terrains / landfall;Landfall — Whenever a land you control enters, you gain 1 life. / Whenever a Plains you control enters, put a +1/+1 counter on target creature.
FRA;200;rare;Liliana the Faultless;Legendary Creature — Human Cleric;{W};Protection;Gain de vie, Défausse, Planeswalkers / loyauté;oui;;Défausse, Planeswalkers / loyauté;Whenever another creature or planeswalker you control enters, you gain 1 life. / {1}, {T}, Discard a card: Another target creature or planeswalker you control gains hexproof until end of turn.
FRA;201;rare;Lyra, Archangel of Dawn;Legendary Creature — Angel Knight;{2}{W};;Compteurs +1/+1, Gain de vie;oui;;Compteurs +1/+1, Gain de vie;Flying / Whenever you gain life, put a +1/+1 counter on each Angel you control.
FRA;202;uncommon;Rescue Girl, First Responder;Legendary Creature — Human Cleric;{2}{W};;;oui;;;Flying / {T}: Return another target permanent you control to its owner's hand. Activate only during your turn.
FRA;203;uncommon;Saheeli, Consul of Oversight;Legendary Creature — Human Advisor;{3}{W}{W};;Jetons, Regard / surveillance;oui;;Jetons, Regard / surveillance;Flying / Whenever you scry or surveil, create a 1/1 colorless Thopter artifact creature token with flying. This ability triggers only once each turn.
FRA;204;uncommon;Teyo, Lightshield Expert;Legendary Creature — Human Cleric;{1}{W};Protection;Compteurs +1/+1, Arrivées / clignotement, Planeswalkers / loyauté;oui;;Compteurs +1/+1, Planeswalkers / loyauté;Flash / When Teyo enters, target permanent you control gains hexproof until end of turn. Put a +1/+1 counter on it if it's a creature. Put a loyalty counter on it if it's a planeswalker.
FRA;205;uncommon;Thalia, the Survivor;Legendary Creature — Human Soldier;{3}{W};Disruption;Gain de vie;oui;;;Lifelink / Noncreature spells your opponents cast cost {1} more to cast.
FRA;206;uncommon;Tomik, Orzhov Lawmage;Legendary Creature — Human Advisor;{1}{W};;Compteurs +1/+1, Planeswalkers / loyauté;oui;;Compteurs +1/+1, Planeswalkers / loyauté;"Flying / Planeswalkers you control have ""No more than one creature can attack this planeswalker each combat."" / {T}: Target creature with a +1/+1 counter on it gains flying until end of turn."
FRA;207;uncommon;Way of the Healer;Legendary Enchantment;{3}{W};Pioche;Jetons, Enchantements, Arrivées / clignotement, Planeswalkers / loyauté, Regard / surveillance;;;;"When Way of the Healer enters, empower Jace 5. (Put five loyalty counters on a Jace token you control. If you don't control one, first create a blue Jace planeswalker token with ""[-1]: Surveil 1"" and ""[-3]: Draw a card."") / Planeswalkers you control have ""[-2]: Create a 2/2 colorless Wizard Soldier creature token named Cadet. Surveil 1."""
FRA;208;uncommon;Way of the Mentor;Legendary Enchantment;{2}{W};Pioche;Jetons, Enchantements, Gain de vie, Arrivées / clignotement, Planeswalkers / loyauté, Regard / surveillance;;;;"When Way of the Mentor enters, empower Jace 5. (Put five loyalty counters on a Jace token you control. If you don't control one, first create a blue Jace planeswalker token with ""[-1]: Surveil 1"" and ""[-3]: Draw a card."") / Whenever you gain life, put a loyalty counter on each planeswalker you control."
FRA;209;uncommon;Yoshimaru, Beloved Companion;Legendary Creature — Dog;{2}{W};;Compteurs +1/+1;oui;;Compteurs +1/+1;If one or more +1/+1 counters would be put on a creature you control, that many plus one +1/+1 counters are put on it instead. / {6}: Put a +1/+1 counter on target legendary creature.
FRA;210;uncommon;Yuriko, Blade of the Mighty;Legendary Creature — Human Samurai;{3}{W};Disruption;Combat;oui;;Attaque / combat;During combat, players can't cast spells or activate abilities that aren't mana abilities. / Whenever a creature you control attacks a player alone, it gains double strike until end of turn.
FRA;211;uncommon;Arni, Humble Scribe;Legendary Creature — Human Wizard;{2}{U};Pioche;Défausse;oui;;Arrivées / clignotement, Défausse;Whenever another nontoken creature you control enters, untap Arni. / {T}: Draw a card, then discard a card.
FRA;212;mythic;Chandra, Chill of Compliance;Legendary Planeswalker — Chandra;{1}{U}{U};Rampe, Pioche;Cimetière, Planeswalkers / loyauté, Regard / surveillance;;;;"[+1]: Surveil 1. If you put a noncreature, nonland card into your graveyard this way, put that card into your hand. / [+1]: Add {U}. Spend this mana only to cast a noncreature spell. / [-X]: Tap target artifact or creature. Put X stun counters on it. / [-6]: You get an emblem with ""Whenever you cast a spell, draw a card."""
FRA;213;uncommon;Fblthp, Impossibly Lost;Legendary Creature — Homunculus;{1}{U};Pioche, Finisher;Pioche;oui;;;When one or more of your opponents are dealt combat damage during your turn, draw two cards. If your library has no cards in it, you win the game. Fblthp's owner shuffles him into their library. (If you draw from an empty library this way, you still win the game.)
FRA;214;uncommon;Geist of Saint Thalia;Legendary Creature — Spirit Cleric;{1}{U};;;oui;;;Flying / Noncreature spells you cast cost {1} less to cast.
FRA;215;uncommon;Hapatra, the Desert Frost;Legendary Creature — Human Wizard;{3}{U};;Arrivées / clignotement;oui;;;When Hapatra enters, for each opponent, tap up to one target creature that player controls. Put a stun counter on each of those creatures. (If a permanent with a stun counter would become untapped, remove one from it instead.) / {2}{U}: Untap target creature.
FRA;216;rare;Jace, Reality Sculptor;Legendary Planeswalker — Jace;{3}{U}{U};Pioche;Combat, Planeswalkers / loyauté, Regard / surveillance;;;;[+1]: Empower Jace X, where X is the number of Islands you control. / [-3]: Until your next turn, whenever a creature attacks you or a planeswalker you control, it gets -5/-0 until end of turn. / [0]: Exile all but the bottom card of each opponent's library. Activate only if there are twenty-five or more loyalty counters among Jaces you control.
FRA;217;rare;Lyra, Tolarian Archangel;Legendary Creature — Angel Wizard;{1}{U}{U};Pioche;Jetons, Pioche;oui;;Jetons, Attaque / combat;Flying / At the beginning of each end step, if you've drawn three or more cards this turn, create a 3/3 blue Angel creature token with flying. / {3}{U}{U}: Until end of turn, whenever Lyra deals combat damage to a player, draw two cards.
FRA;218;uncommon;Proft, Consulting Detective;Legendary Creature — Human Detective;{1}{U};Pioche;Compteurs +1/+1, Regard / surveillance;oui;;Compteurs +1/+1, Regard / surveillance;Whenever you scry or surveil, you may pay {2}. If you do, put a +1/+1 counter on Proft and draw a card. (Draw after you scry or surveil.)
FRA;219;uncommon;Ruric Thar, Biomagus;Legendary Creature — Ogre Crab Wizard;{4}{U}{U};Pioche;Sorts;oui;;Sorts (éphémères/rituels);Flying / Prowess, prowess (Whenever you cast a noncreature spell, this creature gets +1/+1 until end of turn twice.) / Whenever Ruric Thar becomes the target of a spell or ability an opponent controls, draw a card.
FRA;220;rare;Samut, Tyrant of Naktamun;Legendary Creature — Human Wizard;{1}{U};Disruption;;oui;;;Instant and sorcery spells you control have split second. (As long as a spell with split second is on the stack, players can't cast spells or activate abilities that aren't mana abilities.)
FRA;222;uncommon;Traxos, Academy Guardian;Legendary Artifact Creature — Dragon Construct;{3}{U};;Sorts, Artefacts;oui;;Sorts (éphémères/rituels);This spell costs {2} less to cast if you've cast a noncreature spell this turn. / Flying, vigilance / Prowess (Whenever you cast a noncreature spell, this creature gets +1/+1 until end of turn.)
FRA;223;uncommon;Way of the Cryomancer;Legendary Enchantment;{2}{U};Pioche;Jetons, Sorts, Enchantements, Arrivées / clignotement, Planeswalkers / loyauté, Regard / surveillance;;;;"When Way of the Cryomancer enters, empower Jace 5. (Put five loyalty counters on a Jace token you control. If you don't control one, first create a blue Jace planeswalker token with ""[-1]: Surveil 1"" and ""[-3]: Draw a card."") / Planeswalkers you control have ""[-3]: When you next cast an instant or sorcery spell this turn, copy that spell. You may choose new targets for the copy."""
FRA;224;uncommon;Way of the Mind Sculptor;Legendary Enchantment;{4}{U};Pioche;Jetons, Enchantements, Arrivées / clignotement, Planeswalkers / loyauté, Regard / surveillance;;;;"When Way of the Mind Sculptor enters, empower Jace 5. (Put five loyalty counters on a Jace token you control. If you don't control one, first create a blue Jace planeswalker token with ""[-1]: Surveil 1"" and ""[-3]: Draw a card."") / Whenever you activate a loyalty ability, if you removed two or more loyalty counters to activate it, draw a card."
FRA;225;uncommon;Yargle, Goliath of Otaria;Legendary Creature — Frog Spirit;{4}{U};;;oui;;;
FRA;226;uncommon;Yuriko, Hope from the Shadows;Legendary Creature — Human Ninja;{U};Pioche;Cimetière, Arrivées / clignotement, Regard / surveillance;oui;;Cimetière / réanimation;Flash / When Yuriko enters, choose one — / • Target creature gets -X/-0 until end of turn, where X is the number of cards in your graveyard. / • Surveil 2. (Look at the top two cards of your library, then put any number of them into your graveyard and the rest on top of your library in any order.)
FRA;227;uncommon;Danitha, Spear of Agony;Legendary Creature — Human Knight;{2}{B};;Compteurs +1/+1;oui;;Compteurs +1/+1;First strike / Whenever you cast a spell that targets an opponent or a creature an opponent controls, put a +1/+1 counter on Danitha.
FRA;228;uncommon;Gallia, Tragic Host;Legendary Creature — Zombie Satyr;{1}{B};Finisher;Compteurs +1/+1, Cimetière, Combat;oui;;Compteurs +1/+1, Cimetière / réanimation;Menace (This creature can't be blocked except by two or more creatures.) / {4}{B}, Exile another creature card from your graveyard: Return this card from your graveyard to the battlefield tapped with a +1/+1 counter on her.
FRA;229;mythic;Garruk, Veiled Butcher;Legendary Planeswalker — Garruk;{3}{B}{B};Removal, Pioche, Disruption;Jetons, Défausse, Planeswalkers / loyauté;;;;If a creature an opponent controls would die, exile it instead. / [+2]: Up to one target creature gets -4/-1 until your next turn. / [-2]: Each player sacrifices a creature of their choice. If you sacrificed a creature this way, create a 4/4 green Beast creature token with trample. / [-3]: Each opponent discards two cards. For each opponent who didn't discard two nonland cards this way, you draw a card.
FRA;230;rare;Gideon the Oathless;Legendary Creature — Human Mercenary;{2}{B};Protection;Défausse, Planeswalkers / loyauté;oui;;Défausse, Planeswalkers / loyauté;Ward—Discard a card. / Whenever a creature an opponent controls enters, Gideon deals 1 damage to that player. / Whenever an opponent activates a loyalty ability, Gideon deals 1 damage to that player.
FRA;231;rare;Liliana the Repentant;Legendary Creature — Human Warlock;{1}{B};;Compteurs +1/+1, Cimetière, Planeswalkers / loyauté;oui;;Compteurs +1/+1, Cimetière / réanimation, Planeswalkers / loyauté;Whenever another creature or planeswalker you control enters, mill two cards. / Exhaust - {5}{B}: Return target creature or planeswalker card from your graveyard to the battlefield. Put a +1/+1 counter on Liliana. Activate only as a sorcery. (Activate each exhaust ability only once.)
FRA;232;uncommon;Loot, the Anomaly;Legendary Creature — Beast Horror;{2}{B};;Sacrifice / mort;oui;;Sacrifice / mort, Cimetière / réanimation;If Loot's power is negative, he assigns combat damage as though his power were positive. / Threshold — Sacrifice another creature or planeswalker: Loot gets -2/-0 until end of turn. Activate only if there are seven or more cards in your graveyard.
FRA;233;uncommon;Mabel, Bitter Recluse;Legendary Creature — Mouse Warlock;{B};;Arrivées / clignotement;oui;;;Deathtouch / When Mabel enters, remove up to three counters from another target creature or planeswalker.
FRA;234;uncommon;Massacre Girl, Most Wanted;Legendary Creature — Human Assassin;{4}{B};;Compteurs +1/+1, Gain de vie, Planeswalkers / loyauté, Blessures directes;oui;;Compteurs +1/+1, Planeswalkers / loyauté, Blessures directes;Whenever another creature or planeswalker you control dies, Massacre Girl deals 1 damage to target opponent and you gain 1 life. / Whenever an opponent is dealt noncombat damage, put a +1/+1 counter on Massacre Girl.
FRA;235;uncommon;Proft, Sinister Mastermind;Legendary Creature — Human Rogue;{2}{B};Removal, Finisher;;oui;;Cimetière / réanimation;Threshold — You can't cast this spell unless there are seven or more cards in your graveyard. / Menace / {B}, Discard this card: Target creature gets -3/-1 until end of turn.
FRA;236;uncommon;Teyo, Diamondblade Mage;Legendary Creature — Human Warlock;{3}{B};;Compteurs +1/+1, Arrivées / clignotement, Planeswalkers / loyauté;oui;;Compteurs +1/+1, Planeswalkers / loyauté;Flash / When Teyo enters, target permanent you control gains deathtouch until end of turn. Put a +1/+1 counter on it if it's a creature. Put a loyalty counter on it if it's a planeswalker.
FRA;237;uncommon;Tinybones, Pocket Nuisance;Legendary Creature — Skeleton Rogue;{2}{B};Disruption;Arrivées / clignotement, Blessures directes;oui;;Défausse, Blessures directes;When Tinybones enters, each opponent discards a card. / Whenever a player discards one or more cards, Tinybones deals 1 damage to each opponent.
FRA;238;uncommon;Way of the Deathbringer;Legendary Enchantment;{2}{B};Pioche;Jetons, Sacrifice / mort, Enchantements, Arrivées / clignotement, Planeswalkers / loyauté, Regard / surveillance;;;;"When Way of the Deathbringer enters, empower Jace 5. (Put five loyalty counters on a Jace token you control. If you don't control one, first create a blue Jace planeswalker token with ""[-1]: Surveil 1"" and ""[-3]: Draw a card."") / Planeswalkers you control have ""[-2]: You may sacrifice a creature. If you do, create a 4/4 green Beast creature token with trample."""
FRA;239;uncommon;Way of the Necromancer;Legendary Enchantment;{1}{B};Pioche;Jetons, Sacrifice / mort, Enchantements, Arrivées / clignotement, Planeswalkers / loyauté, Regard / surveillance;;;;"When Way of the Necromancer enters, empower Jace 2. (Put two loyalty counters on a Jace token you control. If you don't control one, first create a blue Jace planeswalker token with ""[-1]: Surveil 1"" and ""[-3]: Draw a card."") / Whenever a creature you control dies, put a loyalty counter on each planeswalker you control."
FRA;240;uncommon;Winter, Tormented Loner;Legendary Creature — Human Warlock;{2}{B};Disruption;Sacrifice / mort, Arrivées / clignotement;oui;;Sacrifice / mort, Cimetière / réanimation, Planeswalkers / loyauté;When Winter enters, you may sacrifice a creature or planeswalker. When you do, each opponent sacrifices a creature of their choice. / Winter gets +1/+0 for each creature and planeswalker card in your graveyard.
FRA;242;mythic;Ajani Unrelenting;Legendary Planeswalker — Ajani;{4}{R}{R};Board wipe, Pioche;Jetons, Combat, Défausse, Planeswalkers / loyauté;;;;Whenever you activate a loyalty ability, create a 2/2 colorless Wizard Soldier creature token named Cadet. / [+1]: Creatures you control get +1/+0 and gain haste until end of turn. / [-2]: Discard your hand, then draw a card for each creature you control. / [-3]: Ajani deals 4 damage to each creature except for tokens you control.
FRA;243;uncommon;Arni, Renowned Champion;Legendary Creature — Human Berserker;{3}{R};;;oui;;Arrivées / clignotement;Trample / Whenever another creature you control enters, Arni gets +X/+0 until end of turn, where X is that creature's power.
FRA;245;uncommon;Gallia, the Merrymaker;Legendary Creature — Satyr;{1}{R};;Compteurs +1/+1, Combat;oui;;Compteurs +1/+1;Haste / Each other creature you control with a +1/+1 counter on it has haste. / {1}{R}, {T}: Put a +1/+1 counter on target creature that entered this turn.
FRA;246;uncommon;Jiang Yanggu, Alone;Legendary Creature — Human Berserker;{4}{R};Pioche, Finisher;Compteurs +1/+1, Combat, Défausse;oui;;Compteurs +1/+1, Attaque / combat, Défausse;Menace (This creature can't be blocked except by two or more creatures.) / Whenever a creature you control attacks a player alone, discard a card, then draw a card. Then put a +1/+1 counter on that creature for each card you've discarded this turn.
FRA;247;uncommon;Kiora of Fire and Ashes;Legendary Creature — Merfolk Noble;{4}{R}{R};;Jetons, Arrivées / clignotement;oui;;Jetons;When Kiora enters, create a 5/5 red Dragon creature token with flying. / {8}: Create a 5/5 red Dragon creature token with flying.
FRA;248;uncommon;Koth, the Geomancer;Legendary Creature — Human Warrior;{2}{R};Rampe;Terrains, Blessures directes;oui;;Terrains / landfall, Blessures directes;Reach / Landfall — Whenever a land you control enters, Koth deals 1 damage to each opponent. If that land is a Mountain, add {R}.
FRA;249;uncommon;Marwyn, the Clearcutter;Legendary Creature — Elf Warrior;{R};Pioche;;oui;;;{2}, {T}, Sacrifice an artifact or land: Draw a card.
FRA;250;uncommon;Pia, Determined Rebuilder;Legendary Creature — Human Artificer;{2}{R};;Jetons, Artefacts, Arrivées / clignotement;oui;;Jetons, Artefacts;When Pia enters, create a 1/1 colorless Thopter artifact creature token with flying. / {5}{R}: Target creature gets +X/+0 until end of turn, where X is the number of artifacts you control.
FRA;251;rare;Samut, Hazoret's Champion;Legendary Creature — Human Warrior Cleric;{1}{R};;Combat;oui;;;Creatures you control have haste.
FRA;252;uncommon;Tetsuko Umezawa, Pursuer;Legendary Creature — Human Mercenary;{3}{R};;Sorts, Combat;oui;;Sorts (éphémères/rituels);Double strike / Prowess (Whenever you cast a noncreature spell, this creature gets +1/+1 until end of turn.) / Whenever a creature an opponent controls with power or toughness 1 or less blocks, Tetsuko Umezawa deals 1 damage to that creature's controller.
FRA;253;uncommon;Tomik, Izzet Sparkmage;Legendary Creature — Human Wizard;{1}{R};;Sorts, Blessures directes;oui;;Sorts (éphémères/rituels), Blessures directes;Prowess (Whenever you cast a noncreature spell, this creature gets +1/+1 until end of turn.) / If a source you control would deal noncombat damage to an opponent or a permanent an opponent controls, it deals that much damage plus 1 instead.
FRA;254;uncommon;Way of the Pyromancer;Legendary Enchantment;{1}{R};Rampe, Pioche;Jetons, Enchantements, Arrivées / clignotement, Planeswalkers / loyauté, Regard / surveillance;;oui;;"When Way of the Pyromancer enters, empower Jace 2. (Put two loyalty counters on a Jace token you control. If you don't control one, first create a blue Jace planeswalker token with ""[-1]: Surveil 1"" and ""[-3]: Draw a card."") / Planeswalkers you control have ""[+1]: Add {R}."""
FRA;255;uncommon;Way of the Warlord;Legendary Enchantment;{2}{R};Pioche;Jetons, Enchantements, Arrivées / clignotement, Planeswalkers / loyauté, Regard / surveillance;;;;"When Way of the Warlord enters, empower Jace 5. (Put five loyalty counters on a Jace token you control. If you don't control one, first create a blue Jace planeswalker token with ""[-1]: Surveil 1"" and ""[-3]: Draw a card."") / Planeswalkers you control have ""[-4]: This planeswalker deals 2 damage to up to one target creature or planeswalker and 2 damage to target player."""
FRA;256;uncommon;Winter, Team Player;Legendary Creature — Human Warrior;{4}{R};;Sorts;oui;;Sorts (éphémères/rituels);Convoke / Whenever you cast a noncreature spell, creatures you control get +1/+0 until end of turn.
FRA;257;uncommon;Edgar, Moonlit Sovereign;Legendary Creature — Werewolf Noble;{3}{G}{G};;Compteurs +1/+1;oui;;Compteurs +1/+1;Flash / At the beginning of your end step, if you didn't cast a spell this turn, put two +1/+1 counters on Edgar. / {4}{G}: Put a +1/+1 counter on each creature you control with a +1/+1 counter on it.
FRA;258;uncommon;Fblthp, Knows the Way;Legendary Creature — Homunculus Scout;{X}{G}{G};Rampe;Terrains, Arrivées / clignotement;oui;oui;Terrains / landfall;Domain — Fblthp's power is equal to the number of basic land types among lands you control. / When Fblthp enters, search your library for up to X basic land cards with different names, reveal them, put them into your hand, then shuffle.
FRA;259;mythic;Garruk, Curse Breaker;Legendary Planeswalker — Garruk;{3}{G}{G};Pioche;Jetons, Planeswalkers / loyauté;;;;Whenever a creature you control with power 4 or greater enters, draw a card. / [+2]: Untap up to two target lands. / [-3]: Create a 4/4 green Beast creature token with trample. / [-4]: Until your next turn, whenever one or more creatures attack one of your opponents, those creatures get +2/+2 and gain trample until end of turn.
FRA;260;uncommon;Ghalta the Unstoppable;Legendary Creature — Elder Dinosaur;{8}{G};;;oui;;;This spell costs {X} less to cast, where X is the greatest power among creatures you control. / Trample / Other creatures you control have trample.
FRA;261;uncommon;Jiang Yanggu, Never Alone;Legendary Creature — Human Druid;{3}{G};;Arrivées / clignotement;oui;;Jetons;When Jiang Yanggu enters, create Mowu, a legendary 3/3 green Dog creature token. / At the beginning of your end step, untap all tokens you control.
FRA;262;uncommon;Loot, the Nexus;Legendary Creature — Beast Noble;{2}{G};Rampe, Fixing;;oui;;;{T}: Choose a color. Add one mana of that color for each different power among creatures you control.
FRA;263;uncommon;Marwyn, the Preserver;Legendary Creature — Elf Druid;{1}{G};Rampe, Protection;Terrains;oui;oui;Cimetière / réanimation, Terrains / landfall;Lands you control have hexproof. (They can't be the targets of spells or abilities your opponents control.) / {2}: Return target land card from your graveyard to your hand.
FRA;264;uncommon;Pia, Aether Ascetic;Legendary Creature — Human Druid;{2}{G};Tutor;Arrivées / clignotement, Défausse;oui;;Défausse;When Pia enters, you may discard a card. If you do, search your library for an enchantment card, reveal it, put it into your hand, then shuffle.
FRA;265;uncommon;Ruric Thar, Magecrusher;Legendary Creature — Ogre Warrior;{5}{G}{G};Protection;;oui;;;This spell can't be countered. / Reach, vigilance, trample / Ruric Thar has hexproof as long as they haven't dealt combat damage yet. (They can't be the target of spells or abilities your opponents control.)
FRA;266;uncommon;Titanbones, Towering Heart;Legendary Creature — Skeleton Druid;{3}{G};;Compteurs +1/+1, Gain de vie;oui;;Compteurs +1/+1, Gain de vie;Reach / Whenever you gain life, put two +1/+1 counters on Titanbones. / When you discard this card, you gain 3 life.
FRA;267;uncommon;Way of the Paradox;Legendary Enchantment;{2}{G};Rampe, Pioche;Jetons, Enchantements, Terrains, Gain de vie, Arrivées / clignotement, Planeswalkers / loyauté, Regard / surveillance;;;;"When Way of the Paradox enters, empower Jace 5. (Put five loyalty counters on a Jace token you control. If you don't control one, first create a blue Jace planeswalker token with ""[-1]: Surveil 1"" and ""[-3]: Draw a card."") / Whenever you activate a loyalty ability, you gain 1 life. You may play an additional land this turn."
FRA;268;uncommon;Way of the Wildspeaker;Legendary Enchantment;{4}{G};Pioche;Jetons, Enchantements, Arrivées / clignotement, Planeswalkers / loyauté, Regard / surveillance;;;;"When Way of the Wildspeaker enters, empower Jace 7. (Put seven loyalty counters on a Jace token you control. If you don't control one, first create a blue Jace planeswalker token with ""[-1]: Surveil 1"" and ""[-3]: Draw a card."") / Planeswalkers you control have ""[-4]: Create a 4/4 green Beast creature token with trample."""
FRA;269;uncommon;Yoshimaru, Scrappy Stray;Legendary Creature — Dog;{1}{G};Removal;Compteurs +1/+1, Arrivées / clignotement;oui;;Compteurs +1/+1;When Yoshimaru enters, another target creature you control fights up to one target creature an opponent controls. (Each deals damage equal to its power to the other.) / {6}: Put a +1/+1 counter on target nonlegendary creature.
FRA;270;uncommon;Edgar, Ancient Bloodlord;Legendary Creature — Vampire Noble;{W}{B};Finisher;Compteurs +1/+1, Sacrifice / mort, Gain de vie, Combat, Planeswalkers / loyauté;oui;;Compteurs +1/+1, Sacrifice / mort, Planeswalkers / loyauté;Whenever another creature or planeswalker you control dies, you gain 1 life. / {2}, Sacrifice another creature or planeswalker: Put a +1/+1 counter on Edgar. He gains menace until end of turn. (He can't be blocked except by two or more creatures.)
FRA;271;uncommon;Hapatra, the Desert Fang;Legendary Creature — Human Cleric;{2}{B}{B}{G};Removal;Arrivées / clignotement;oui;;Cimetière / réanimation;When Hapatra enters, for each opponent, put X -1/-1 counters on up to one target creature that player controls, where X is the greatest mana value among cards in your graveyard.
FRA;272;rare;Karn, Gilded Guardian;Legendary Artifact Creature — Golem;{2/W}{2/U}{2/B}{2/R}{2/G};Pioche;Artefacts, Arrivées / clignotement;oui;;Artefacts;Vigilance, trample / When Karn enters, draw a card for each color among other artifacts you control.
FRA;273;uncommon;Kiora of Salt and Sand;Legendary Creature — Merfolk Noble;{1}{G}{U};Protection, Finisher;Jetons, Combat, Planeswalkers / loyauté;oui;;Jetons, Planeswalkers / loyauté;"Whenever you attack, if you've activated a loyalty ability this turn, untap target attacking creature. It can't be blocked this turn. / Planeswalkers you control have ""[-8]: Create an 8/8 blue Leviathan creature token with hexproof."""
FRA;274;uncommon;Mabel, Valley Hero;Legendary Creature — Mouse Soldier;{1}{R}{W};;Compteurs +1/+1;oui;;Compteurs +1/+1;Whenever Mabel or another creature you control enters, put a +1/+1 counter on target creature that entered this turn.
FRA;275;uncommon;Saheeli, Jewel of Avishkar;Legendary Creature — Human Artificer;{2}{U}{R};;Jetons, Sorts, Combat;oui;;Jetons, Sorts (éphémères/rituels);Thopters you control have haste. / Whenever you cast a noncreature spell, create a 1/1 colorless Thopter artifact creature token with flying.
FRA;276;rare;Tam, the Possibility;Legendary Creature — Gorgon Wizard;{1}{G}{U};;Compteurs +1/+1, Poison, Planeswalkers / loyauté;oui;;Compteurs +1/+1, Planeswalkers / loyauté;Planeswalker spells you cast cost {1} less to cast. / {W}{U}{B}{R}{G}, {T}: Proliferate X times, where X is the number of planeswalker types among planeswalkers you control. (To proliferate, choose any number of permanents and/or players, then give each another counter of each kind already there.)
FRA;277;rare;Vraska, Soul of Stone;Legendary Creature — Gorgon Wizard;{U}{R}{W};Rampe, Fixing;Jetons, Sorts, Trésors / mana;oui;;Jetons, Sorts (éphémères/rituels), Trésors / mana;Artifact creatures you control have vigilance. / Whenever you cast a noncreature spell, create a 1/1 colorless Sculpture Treasure artifact creature token with “{T}, Sacrifice this token: Add one mana of any color.”
FRA;278;rare;Vraska, the Cutting Glare;Legendary Creature — Gorgon Assassin;{B}{B}{G};Rampe, Removal, Fixing;Jetons, Arrivées / clignotement, Trésors / mana;oui;;Jetons, Trésors / mana;"Deathtouch / When Vraska enters, if you control six or more lands, destroy target permanent an opponent controls. They create a Treasure token. (It's an artifact with ""{T}, Sacrifice this token: Add one mana of any color."")"
FRA;279;rare;Karn, Argent Defender;Legendary Artifact Creature — Golem;{2};;Artefacts;oui;;;Artifacts and creatures entering the battlefield don't cause abilities to trigger.
FRA;280;uncommon;Traxos, Scourge Eternal;Legendary Artifact Creature — Dragon Construct;{4};;Artefacts;oui;;;Trample / Traxos doesn't untap during your untap step. / Whenever you cast an artifact or creature spell, untap Traxos.
FRC;1;mythic;Jace, Multiverse Architect;Legendary Planeswalker — Jace;{1}{W}{U}{B}{R};Pioche;Pioche, Planeswalkers / loyauté;oui;;Planeswalkers / loyauté;At the beginning of combat on each opponent's turn, they may pay {2}. If they don't, creatures they control can't attack Jaces you control this turn. / [+1]: Draw two cards, then put a card from your hand on the bottom of your library. / [-3]: Exile another target planeswalker or creature you control. Reveal cards from the top of your library until you reveal a creature or planeswalker card. Put that card onto the battlefield and the rest on the bottom of your library in a random order. / Jace, Multiverse Architect can be your commander.
FRC;2;mythic;Nissa, Leyline Tamer;Legendary Creature — Elf Wizard;{3}{W}{U}{B}{R};Pioche;Terrains;oui;;Terrains / landfall;Deathtouch, vigilance / Landfall — Whenever a land you control enters, draw a card. Then if this is the first time this ability has resolved this turn, reveal cards from the top of your library until you reveal a creature card. Put that card onto the battlefield and the rest on the bottom of your library in a random order.
FRC;3;rare;Omnath, Locus of the Void;Legendary Creature — Elemental;{7};Rampe;Terrains;oui;;Terrains / landfall;Omnath gets +1/+1 for each unspent mana you have. / If you would lose unspent mana, that mana becomes colorless instead. / Landfall — Whenever a land you control enters, add {C}{C}.
FRC;4;rare;Dack Fayden, Helping Hand;Legendary Creature — Human Advisor;{4}{W}{W};;Arrivées / clignotement;oui;;;When Dack Fayden enters, reveal cards from the top of your library until you reveal X creature cards, where X is the number of opponents you have. Put those creature cards onto the battlefield, then shuffle. They're goaded for the rest of the game. For each of those permanents, choose a different opponent. Each opponent gains control of the permanent for which they were chosen.
FRC;5;rare;Ob Nixilis, the Ascended;Legendary Creature — Angel;{5}{W}{W};Board wipe;Jetons, Gain de vie, Arrivées / clignotement;oui;;Jetons, Gain de vie;Flying / When Ob Nixilis enters, destroy all tapped creatures your opponents control. You gain 1 life for each creature destroyed this way. / At the beginning of each end step, if you gained life this turn, create a 4/4 white Angel creature token with flying.
FRC;6;rare;Teferi's Reproach;Instant;{2}{W};Protection;Sorts;;;;Choose target opponent. Until that player's next turn, they gain protection from everything and their life total can't change. All nonland permanents they control phase out. (While they're phased out, they're treated as though they don't exist. They phase in before that player untaps during their next untap step.) / Exile Teferi's Reproach.
FRC;7;rare;Avacyn, Angel of Horror;Legendary Creature — Angel;{5}{B}{B}{B};;;oui;;;Flying, deathtouch / Whenever Avacyn or another nontoken creature you control dies, return that card to the battlefield under your control at the beginning of the next end step.
FRC;8;rare;Jhoira, Weatherlight Corsair;Legendary Creature — Human Pirate;{4}{B}{B};;Combat;oui;;Attaque / combat;Whenever Jhoira enters or attacks, target opponent reveals cards from the top of their library until they reveal a historic permanent card. You put that card onto the battlefield under your control and lose life equal to that permanent's mana value. That player puts the rest of the revealed cards on the bottom of their library in a random order. (Artifacts, legendaries, and Sagas are historic.)
FRC;9;rare;Venser, Fervent Forger;Legendary Creature — Human Sorcerer;{4}{R}{R};;Jetons, Sorts, Arrivées / clignotement, Combat;oui;;Jetons, Sorts (éphémères/rituels);Flash / When Venser enters, choose one — / • Copy target instant or sorcery spell an opponent controls twice. You may choose new targets for the copies. / • Create two tokens that are copies of target permanent an opponent controls. They gain haste. At the beginning of the next end step, sacrifice them.
FRC;10;rare;Niv-Mizzet, Ghost Counsel;Legendary Creature — Spirit Dragon;{2}{W}{W}{B}{B};;Gain de vie;oui;;Gain de vie;Flying / Whenever you gain life, you may pay that much life. If you do, draw that many cards. / {T}: Each opponent loses 1 life and you gain 1 life.
FRC;11;rare;Tamiyo, Upriser Crowned;Legendary Creature — Moonfolk Warrior;{4}{R}{W};;Arrivées / clignotement, Combat;oui;;;Flying, double strike, haste / When Tamiyo enters, you become the monarch. / Whenever one or more creatures deal combat damage to you while you're the monarch, tap those creatures and put a stun counter on each of them.
FRC;12;rare;The Ur-Sphinx;Legendary Creature — Sphinx Avatar;{6}{W}{U}{B};;Cimetière;oui;;;Eminence — As long as The Ur-Sphinx is in the command zone or on the battlefield, other Sphinx spells you cast cost {1} less to cast. / Flying / Whenever one or more Sphinxes you control attack, each player mills that many cards. For each player, you may cast a card that player milled this way without paying its mana cost.
FRC;13;rare;Darksteel Angel;Artifact Creature — Angel;{9};Protection;Artefacts;;;;Flying, indestructible / You can't lose the game and your opponents can't win the game. / Creatures you control can't have -1/-1 counters put on them.
FRC;14;rare;Ginger, Queen of Sweets;Legendary Artifact Creature — Food Noble;{6};Finisher;Jetons, Artefacts, Gain de vie, Arrivées / clignotement, Combat;oui;;Jetons;"When Ginger enters, you become the monarch. / {2}, {T}, Sacrifice Ginger: You gain 6 life. / At the beginning of each upkeep, if you're the monarch, create a Gingerbrute token. (It's a {1} 1/1 Food Golem artifact creature with haste, ""{1}: This token can't be blocked this turn except by creatures with haste,"" and ""{2}, {T}, Sacrifice this token: You gain 3 life."")"
FRC;15;rare;Memnarch, the Warden;Legendary Artifact Creature — Wizard;{10};Pioche, Protection;Jetons, Artefacts, Arrivées / clignotement, Combat;oui;;Jetons, Artefacts, Attaque / combat;Indestructible / When Memnarch enters, create two 1/1 colorless Myr artifact creature tokens. / Whenever Memnarch attacks, draw a card for each artifact you control.
FRC;16;rare;Turbulent Crater;Land — Swamp Mountain;;Fixing;;;;;({T}: Add {B} or {R}.) / This land enters tapped unless your opponents control eight or more lands.
FRC;17;rare;Turbulent Shore;Land — Plains Island;;Fixing;;;;;({T}: Add {W} or {U}.) / This land enters tapped unless your opponents control eight or more lands.
FRC;18;rare;Turbulent Wetlands;Land — Island Swamp;;Fixing;;;;;({T}: Add {U} or {B}.) / This land enters tapped unless your opponents control eight or more lands.
